{
  "users": {
    "6285864743922@s.whatsapp.net": {
      "daftar": false,
      "nama": "RafatharCode",
      "otp": "-",
      "email": "-",
      "serial": "-",
      "Rafathar": false,
      "lastUnregTime": 1730991837401
    },
    "628388329551@s.whatsapp.net": {
      "daftar": false,
      "nama": "No Name",
      "otp": "-",
      "email": "-",
      "serial": "-",
      "Rafathar": false,
      "lastUnregTime": 1730991838039
    },
    "6285727264161@s.whatsapp.net": {
      "daftar": false,
      "nama": "Always Rasyaa☣️",
      "otp": "-",
      "email": "-",
      "serial": "-",
      "Rafathar": false,
      "lastUnregTime": 1730991882809
    },
    "120363318521671268@newsletter": {
      "daftar": false,
      "nama": "No Name",
      "otp": "-",
      "email": "-",
      "serial": "-",
      "Rafathar": false,
      "lastUnregTime": 1730992698076
    },
    "6282311170426@s.whatsapp.net": {
      "daftar": false,
      "nama": "Riikyy 🩻",
      "otp": "-",
      "email": "-",
      "serial": "-",
      "Rafathar": false,
      "lastUnregTime": 1730998488569
    },
    "6285691304150@s.whatsapp.net": {
      "daftar": false,
      "nama": "Rioo",
      "otp": "-",
      "email": "-",
      "serial": "-",
      "Rafathar": false,
      "lastUnregTime": 1731014881909
    },
    "6281228599963@s.whatsapp.net": {
      "daftar": false,
      "nama": "Ghostxdzz",
      "otp": "-",
      "email": "-",
      "serial": "-",
      "Rafathar": false,
      "lastUnregTime": 1731018628237
    }
  },
  "chats": {
    "6285864743922@s.whatsapp.net": {
      "antilink": false,
      "antilinkgc": false,
      "mute": false
    },
    "120363344360392463@g.us": {
      "antilink": false,
      "antilinkgc": false,
      "mute": false
    },
    "120363318521671268@newsletter": {
      "antilink": false,
      "antilinkgc": false,
      "mute": false
    },
    "120363321313585420@g.us": {
      "antilink": false,
      "antilinkgc": false,
      "mute": false
    },
    "120363305312031383@g.us": {
      "antilink": false,
      "antilinkgc": false,
      "mute": false
    }
  },
  "others": {},
  "settings": {}
}